{
  "config": {
    "gamma": 1.0,
    "batch_size": 1024,
    "device": "cuda",
    "nprobe": 8
  },
  "timings": {
    "tokenization_sec": 0.00037899800008744933,
    "storage_sec": 41.83086841300019,
    "remember_total_sec": 52.33004889599988
  },
  "memory": {
    "remember_delta_mb": 801.38671875
  },
  "corpus": {
    "total_tokens": 24379
  },
  "segmentation": {
    "num_segments": 903,
    "method": "embedding-surprise-linear",
    "boundaries": [
      23,
      50,
      72,
      101,
      123,
      162,
      192,
      216,
      241,
      263,
      297,
      336,
      366,
      390,
      415,
      437,
      471,
      510,
      540,
      564,
      589,
      611,
      645,
      684,
      714,
      738,
      763,
      785,
      819,
      858,
      888,
      912,
      937,
      959,
      993,
      1032,
      1062,
      1086,
      1111,
      1133,
      1167,
      1206,
      1236,
      1260,
      1285,
      1307,
      1341,
      1380,
      1410,
      1434,
      1459,
      1481,
      1515,
      1554,
      1584,
      1608,
      1633,
      1655,
      1689,
      1728,
      1758,
      1782,
      1807,
      1829,
      1863,
      1902,
      1932,
      1956,
      1981,
      2003,
      2037,
      2076,
      2106,
      2130,
      2155,
      2177,
      2211,
      2250,
      2280,
      2304,
      2329,
      2351,
      2385,
      2424,
      2454,
      2478,
      2503,
      2525,
      2559,
      2598,
      2628,
      2652,
      2677,
      2699,
      2733,
      2772,
      2802,
      2826,
      2851,
      2873,
      2907,
      2946,
      2976,
      3000,
      3025,
      3047,
      3081,
      3120,
      3150,
      3174,
      3199,
      3221,
      3255,
      3294,
      3324,
      3348,
      3373,
      3395,
      3429,
      3468,
      3498,
      3522,
      3547,
      3569,
      3603,
      3642,
      3672,
      3696,
      3721,
      3743,
      3777,
      3816,
      3846,
      3870,
      3895,
      3917,
      3951,
      3990,
      4020,
      4044,
      4069,
      4091,
      4125,
      4164,
      4194,
      4218,
      4243,
      4265,
      4299,
      4338,
      4368,
      4392,
      4417,
      4439,
      4473,
      4512,
      4542,
      4566,
      4591,
      4613,
      4647,
      4686,
      4716,
      4740,
      4765,
      4787,
      4821,
      4860,
      4890,
      4914,
      4939,
      4961,
      4995,
      5034,
      5064,
      5088,
      5113,
      5135,
      5169,
      5208,
      5238,
      5258,
      5279,
      5302,
      5335,
      5367,
      5389,
      5413,
      5441,
      5464,
      5497,
      5529,
      5551,
      5575,
      5603,
      5626,
      5659,
      5691,
      5713,
      5737,
      5765,
      5788,
      5821,
      5853,
      5875,
      5899,
      5927,
      5950,
      5983,
      6015,
      6037,
      6061,
      6089,
      6112,
      6145,
      6177,
      6199,
      6223,
      6251,
      6274,
      6307,
      6339,
      6361,
      6385,
      6413,
      6436,
      6469,
      6501,
      6523,
      6547,
      6575,
      6598,
      6631,
      6663,
      6685,
      6709,
      6737,
      6760,
      6793,
      6825,
      6847,
      6871,
      6899,
      6922,
      6955,
      6987,
      7009,
      7033,
      7061,
      7084,
      7117,
      7149,
      7171,
      7195,
      7223,
      7246,
      7279,
      7311,
      7333,
      7357,
      7385,
      7408,
      7441,
      7473,
      7495,
      7519,
      7547,
      7570,
      7603,
      7635,
      7657,
      7681,
      7709,
      7732,
      7765,
      7797,
      7819,
      7843,
      7871,
      7894,
      7927,
      7959,
      7981,
      8005,
      8033,
      8056,
      8089,
      8121,
      8143,
      8167,
      8195,
      8218,
      8251,
      8283,
      8305,
      8329,
      8357,
      8380,
      8413,
      8445,
      8467,
      8491,
      8519,
      8542,
      8575,
      8607,
      8629,
      8653,
      8681,
      8704,
      8737,
      8769,
      8791,
      8815,
      8843,
      8866,
      8899,
      8931,
      8953,
      8977,
      9005,
      9028,
      9061,
      9093,
      9115,
      9139,
      9167,
      9190,
      9223,
      9255,
      9277,
      9301,
      9329,
      9352,
      9385,
      9417,
      9439,
      9463,
      9491,
      9514,
      9547,
      9579,
      9601,
      9625,
      9653,
      9676,
      9709,
      9741,
      9763,
      9787,
      9815,
      9838,
      9871,
      9903,
      9925,
      9949,
      9977,
      10000,
      10033,
      10065,
      10087,
      10111,
      10139,
      10162,
      10195,
      10227,
      10249,
      10273,
      10301,
      10324,
      10357,
      10389,
      10411,
      10435,
      10463,
      10486,
      10519,
      10551,
      10573,
      10597,
      10625,
      10648,
      10681,
      10713,
      10735,
      10759,
      10787,
      10810,
      10843,
      10875,
      10897,
      10921,
      10949,
      10972,
      11005,
      11037,
      11059,
      11083,
      11111,
      11131,
      11152,
      11175,
      11204,
      11229,
      11253,
      11280,
      11311,
      11336,
      11366,
      11387,
      11410,
      11439,
      11464,
      11488,
      11515,
      11546,
      11571,
      11601,
      11622,
      11645,
      11674,
      11699,
      11723,
      11750,
      11781,
      11806,
      11836,
      11857,
      11880,
      11909,
      11934,
      11958,
      11985,
      12016,
      12041,
      12071,
      12092,
      12115,
      12144,
      12169,
      12193,
      12220,
      12251,
      12276,
      12306,
      12327,
      12350,
      12379,
      12404,
      12428,
      12455,
      12486,
      12511,
      12541,
      12562,
      12585,
      12614,
      12639,
      12663,
      12690,
      12721,
      12746,
      12776,
      12797,
      12820,
      12849,
      12874,
      12898,
      12925,
      12956,
      12981,
      13011,
      13032,
      13055,
      13084,
      13109,
      13133,
      13160,
      13191,
      13216,
      13246,
      13267,
      13290,
      13319,
      13344,
      13368,
      13395,
      13426,
      13451,
      13481,
      13502,
      13525,
      13554,
      13579,
      13603,
      13630,
      13661,
      13686,
      13716,
      13737,
      13760,
      13789,
      13814,
      13838,
      13865,
      13896,
      13921,
      13951,
      13972,
      13995,
      14024,
      14049,
      14073,
      14100,
      14131,
      14156,
      14186,
      14207,
      14230,
      14259,
      14284,
      14308,
      14335,
      14366,
      14391,
      14421,
      14442,
      14465,
      14494,
      14519,
      14543,
      14570,
      14601,
      14626,
      14656,
      14677,
      14700,
      14729,
      14754,
      14778,
      14805,
      14836,
      14861,
      14891,
      14912,
      14935,
      14964,
      14989,
      15013,
      15040,
      15071,
      15096,
      15126,
      15147,
      15170,
      15199,
      15224,
      15248,
      15275,
      15306,
      15331,
      15361,
      15382,
      15405,
      15434,
      15459,
      15483,
      15510,
      15541,
      15566,
      15596,
      15617,
      15640,
      15669,
      15694,
      15718,
      15745,
      15776,
      15801,
      15831,
      15852,
      15875,
      15904,
      15929,
      15953,
      15980,
      16011,
      16036,
      16066,
      16087,
      16110,
      16139,
      16164,
      16188,
      16215,
      16246,
      16271,
      16301,
      16322,
      16345,
      16374,
      16399,
      16423,
      16450,
      16481,
      16506,
      16536,
      16557,
      16580,
      16609,
