{
  "config": {
    "gamma": 1.0,
    "batch_size": 512,
    "device": "cuda",
    "nprobe": 8
  },
  "timings": {
    "tokenization_sec": 0.00020771599884028547,
    "storage_sec": 27.369006475000788,
    "remember_total_sec": 28.52532566700029
  },
  "memory": {
    "remember_delta_mb": 596.08984375
  },
  "corpus": {
    "total_tokens": 12221
  },
  "segmentation": {
    "num_segments": 453,
    "method": "embedding-surprise-linear",
    "boundaries": [
      23,
      50,
      72,
      101,
      123,
      162,
      192,
      216,
      241,
      263,
      297,
      336,
      366,
      390,
      415,
      437,
      471,
      510,
      540,
      564,
      589,
      611,
      645,
      684,
      714,
      738,
      763,
      785,
      819,
      858,
      888,
      912,
      937,
      959,
      993,
      1032,
      1062,
      1086,
      1111,
      1133,
      1167,
      1206,
      1236,
      1260,
      1285,
      1307,
      1341,
      1380,
      1410,
      1434,
      1459,
      1481,
      1515,
      1554,
      1584,
      1608,
      1633,
      1655,
      1689,
      1728,
      1758,
      1782,
      1807,
      1829,
      1863,
      1902,
      1932,
      1956,
      1981,
      2003,
      2037,
      2076,
      2106,
      2130,
      2155,
      2177,
      2211,
      2250,
      2280,
      2304,
      2329,
      2351,
      2385,
      2424,
      2454,
      2478,
      2503,
      2525,
      2559,
      2598,
      2628,
      2648,
      2669,
      2692,
      2725,
      2757,
      2779,
      2803,
      2831,
      2854,
      2887,
      2919,
      2941,
      2965,
      2993,
      3016,
      3049,
      3081,
      3103,
      3127,
      3155,
      3178,
      3211,
      3243,
      3265,
      3289,
      3317,
      3340,
      3373,
      3405,
      3427,
      3451,
      3479,
      3502,
      3535,
      3567,
      3589,
      3613,
      3641,
      3664,
      3697,
      3729,
      3751,
      3775,
      3803,
      3826,
      3859,
      3891,
      3913,
      3937,
      3965,
      3988,
      4021,
      4053,
      4075,
      4099,
      4127,
      4150,
      4183,
      4215,
      4237,
      4261,
      4289,
      4312,
      4345,
      4377,
      4399,
      4423,
      4451,
      4474,
      4507,
      4539,
      4561,
      4585,
      4613,
      4636,
      4669,
      4701,
      4723,
      4747,
      4775,
      4798,
      4831,
      4863,
      4885,
      4909,
      4937,
      4960,
      4993,
      5025,
      5047,
      5071,
      5099,
      5122,
      5155,
      5187,
      5209,
      5233,
      5261,
      5284,
      5317,
      5349,
      5371,
      5395,
      5423,
      5446,
      5479,
      5511,
      5533,
      5557,
      5585,
      5605,
      5626,
      5649,
      5678,
      5703,
      5727,
      5754,
      5785,
      5810,
      5840,
      5861,
      5884,
      5913,
      5938,
      5962,
      5989,
      6020,
      6045,
      6075,
      6096,
      6119,
      6148,
      6173,
      6197,
      6224,
      6255,
      6280,
      6310,
      6331,
      6354,
      6383,
      6408,
      6432,
      6459,
      6490,
      6515,
      6545,
      6566,
      6589,
      6618,
      6643,
      6667,
      6694,
      6725,
      6750,
      6780,
      6801,
      6824,
      6853,
      6878,
      6902,
      6929,
      6960,
      6985,
      7015,
      7036,
      7059,
      7088,
      7113,
      7137,
      7164,
      7195,
      7220,
      7250,
      7271,
      7294,
      7323,
      7348,
      7372,
      7399,
      7430,
      7455,
      7485,
      7506,
      7529,
      7558,
      7583,
      7607,
      7634,
      7665,
      7690,
      7720,
      7741,
      7764,
      7793,
      7818,
      7842,
      7869,
      7900,
      7925,
      7955,
      7976,
      7999,
      8028,
      8053,
      8077,
      8104,
      8135,
      8160,
      8190,
      8211,
      8234,
      8263,
      8288,
      8312,
      8339,
      8370,
      8395,
      8425,
      8446,
      8469,
      8498,
      8523,
      8547,
      8574,
      8605,
      8630,
      8660,
      8681,
      8704,
      8733,
      8758,
      8782,
      8809,
      8840,
      8865,
      8895,
      8916,
      8939,
      8968,
      8993,
      9017,
      9044,
      9075,
      9100,
      9130,
      9151,
      9174,
      9203,
      9228,
      9252,
      9279,
      9310,
      9335,
      9365,
      9386,
      9409,
      9438,
      9463,
      9487,
      9514,
      9545,
      9570,
      9600,
      9621,
      9644,
      9673,
      9698,
      9722,
      9749,
      9780,
      9805,
      9835,
      9856,
      9879,
      9908,
      9933,
      9957,
      9984,
      10015,
      10040,
      10070,
      10091,
      10114,
      10143,
      10168,
      10192,
      10219,
      10250,
      10272,
      10300,
      10323,
      10351,
      10378,
      10398,
      10429,
      10452,
      10472,
      10493,
      10522,
      10548,
      10590,
      10613,
      10633,
      10654,
      10683,
      10709,
      10751,
      10774,
      10794,
      10815,
      10844,
      10870,
      10912,
      10935,
      10955,
      10976,
      11005,
      11031,
      11073,
      11096,
      11116,
      11137,
      11166,
      11192,
      11234,
      11257,
      11277,
      11298,
      11327,
      11353,
      11395,
      11418,
      11438,
      11459,
      11488,
      11514,
      11556,
      11579,
      11599,
      11620,
      11649,
      11675,
      11717,
      11740,
      11760,
      11781,
      11810,
      11836,
      11878,
      11901,
      11921,
      11942,
      11971,
      11997,
      12039,
      12062,
      12082,
      12103,
      12132,
      12158,
      12200,
      12220
    ],
    "time_sec": 1.1560315299975628
  },
  "indexing": {
    "is_trained": true,
    "total_vectors": 12236,
    "nlist": 128,
    "nprobe": 8,
    "buffered_vectors": 0
  },
  "retrieval": {
    "num_queries": 5,
    "total_time_sec": 0.16909543500150903,
    "avg_time_ms": 33.819087000301806,
    "results": [
      {
        "query": "debugging database connection pool exhaustion...",
        "num_results": 15,
        "time_ms": 33.42403100032243
      },
      {
        "query": "JWT authentication security best practices...",
        "num_results": 15,
        "time_ms": 30.11881199927302
      },
      {
        "query": "performance optimization JSON serialization...",
        "num_results": 15,
        "time_ms": 30.80084499742952
      },
      {
        "query": "file attachment feature roadmap planning...",
        "num_results": 15,
        "time_ms": 35.02450100131682
      },
      {
        "query": "rate limiting token refresh endpoint...",
        "num_results": 11,
        "time_ms": 39.65037499801838
      }
    ]
  }
}